draw_order,vertex_id,entity_name,anchor_x,anchor_y,label_left,label_top,label_right,label_bottom,text_width,text_height,line_number,first_line,second_line,leader,leader_start_x,leader_start_y,leader_end_x,leader_end_y
0,50,人民广场,1765,1048,1669,1043,1749,1065,80,22,1,人民广场,,0,0,0,0,0
1,40,铜川路,1303,913,1261,867,1321,889,60,22,1,铜川路,,0,0,0,0,0
2,51,新闸路,1723,1006,1649,1007,1709,1029,60,22,1,新闸路,,0,0,0,0,0
3,87,曹杨路兰溪路,1412,1011,1272,1031,1392,1053,120,22,1,曹杨路兰溪路,,0,0,0,0,0
4,2,陕西南路,1669,1167,1575,1144,1655,1166,80,22,1,陕西南路,,0,0,0,0,0
5,68,昌吉东路安虹北路,266,579,226,533,306,555,80,22,1,安虹北路,,0,0,0,0,0
6,86,曹杨八村,1373,962,1281,933,1361,955,80,22,1,曹杨八村,,0,0,0,0,0
7,7,天潼路,1807,965,1821,954,1881,976,60,22,1,天潼路,,0,0,0,0,0
8,15,隆德路,1459,1066,1385,1067,1445,1089,60,22,1,隆德路,,0,0,0,0,0
9,67,于塘南路望融路,179,568,149,582,209,604,60,22,1,望融路,,0,0,0,0,0
10,33,一大会址·黄陂南路,1763,1125,1779,1114,1959,1136,180,22,1,一大会址·黄陂南路,,0,0,0,0,0
11,6,南京东路,1821,1006,1835,995,1915,1017,80,22,1,南京东路,,0,0,0,0,0
12,66,百安公路于塘南路,147,535,47,493,127,515,80,22,1,于塘南路,,0,0,0,0,0
13,85,真如西村,1342,972,1242,973,1322,995,80,22,1,真如西村,,0,0,0,0,0
14,16,曹杨路,1424,983,1432,953,1492,975,60,22,1,曹杨路,,0,0,0,0,0
15,32,大世界,1788,1089,1758,1060,1818,1082,60,22,1,大世界,,0,0,0,0,0
16,38,中宁路,1405,954,1413,924,1473,946,60,22,1,中宁路,,0,0,0,0,0
17,41,真光路,1228,892,1192,904,1252,926,60,22,1,真光路,,0,0,0,0,0
18,72,曹安公路安虹路,196,636,166,650,226,672,60,22,1,安虹路,,0,0,0,0,0
19,18,真如,1375,921,1371,881,1411,903,40,22,1,真如,,0,0,0,0,0
20,73,曹安公路二十三号桥,275,641,237,665,337,687,100,22,1,二十三号桥,,0,0,0,0,0
21,8,四川北路,1819,900,1833,889,1913,911,80,22,1,四川北路,,0,0,0,0,0
22,19,上海西站,1326,820,1340,809,1420,831,80,22,1,上海西站,,0,0,0,0,0
23,14,江苏路,1501,1143,1427,1132,1487,1154,60,22,1,江苏路,,0,0,0,0,0
24,17,枫桥路,1394,985,1318,1001,1378,1023,60,22,1,枫桥路,,0,0,0,0,0
25,34,静安寺,1594,1123,1522,1112,1582,1134,60,22,1,静安寺,,0,0,0,0,0
26,36,武宁路,1501,1037,1515,1026,1575,1048,60,22,1,武宁路,,0,0,0,0,0
27,52,汉中路,1667,978,1593,967,1653,989,60,22,1,汉中路,,0,0,0,0,0
28,65,百安公路双浦路,179,498,193,499,253,521,60,22,1,双浦路,,0,0,0,0,0
29,59,嘉定校区正门（绿苑路曹安公路）,338,592,298,604,378,648,80,44,2,绿苑路,曹安公路,0,0,0,0,0
30,77,曹安公路宝园五路,660,726,596,740,676,762,80,22,1,宝园五路,,0,0,0,0,0
31,83,曹安公路新黄公路,432,617,410,579,490,601,80,22,1,新黄公路,,0,0,0,0,0
32,84,曹安公路嘉松北路,399,602,391,638,431,682,40,44,2,嘉松,北路,1,399,614,399,638
33,35,武定路,1534,1092,1548,1069,1608,1091,60,22,1,武定路,,0,0,0,0,0
34,71,曹安公路于田路,123,620,93,644,153,666,60,22,1,于田路,,0,0,0,0,0
35,80,曹安公路联群路,546,672,514,686,554,730,40,44,2,联群,路,0,0,0,0,0
36,82,曹安公路许家东街村,481,641,505,573,545,617,40,44,2,许家,村,1,489,633,505,617
37,5,豫园,1823,1076,1837,1041,1877,1063,40,22,1,豫园,,0,0,0,0,0
38,53,上海火车站,1662,921,1676,910,1776,932,100,22,1,上海火车站,,0,0,0,0,0
39,21,祁连山路,1179,752,1115,766,1195,788,80,22,1,祁连山路,,0,0,0,0,0
40,42,真新新村,1155,874,1103,886,1183,908,80,22,1,真新新村,,0,0,0,0,0
41,-1,嘉定校区,350,579,310,537,390,559,80,22,1,嘉定校区,,0,0,0,0,0
42,78,曹安公路宝园七路,611,703,625,680,705,702,80,22,1,宝园七路,,0,0,0,0,0
43,90,同济大学沪北校区,1697,840,1711,829,1791,851,80,22,1,沪北校区,,0,0,0,0,0
44,4,老西门,1816,1154,1830,1143,1890,1165,60,22,1,老西门,,0,0,0,0,0
45,20,李子园,1258,773,1204,787,1264,809,60,22,1,李子园,,0,0,0,0,0
46,76,曹安公路曹丰路,693,742,707,719,767,741,60,22,1,曹丰路,,0,0,0,0,0
47,79,曹安公路联西路,579,687,593,652,653,674,60,22,1,联西路,,0,0,0,0,0
48,81,曹安公路星塔路,513,656,518,627,578,649,60,22,1,星塔路,,0,0,0,0,0
49,3,一大会址·新天地,1765,1175,1697,1199,1857,1221,160,22,1,一大会址·新天地,,0,0,0,0,0
50,1,上海图书馆,1583,1239,1597,1240,1697,1262,100,22,1,上海图书馆,,0,0,0,0,0
51,30,上海汽车城,46,602,10,526,70,570,60,44,2,上海,汽车城,0,0,0,0,0
52,74,封浜公交站,807,796,733,810,833,832,100,22,1,封浜公交站,,0,0,0,0,0
53,10,邮电新村,1877,776,1891,777,1971,799,80,22,1,邮电新村,,0,0,0,0,0
54,9,海伦路,1844,845,1858,834,1918,856,60,22,1,海伦路,,0,0,0,0,0
55,43,定边路,1099,869,1015,893,1075,915,60,22,1,定边路,,1,1091,877,1075,893
56,45,临洮路,943,817,957,794,1017,816,60,22,1,临洮路,,0,0,0,0,0
57,70,曹安公路安谐路,74,602,32,616,92,638,60,22,1,安谐路,,0,0,0,0,0
58,75,曹安公路翔江路,742,765,688,779,748,801,60,22,1,翔江路,,0,0,0,0,0
59,47,封浜,817,783,831,748,871,770,40,22,1,封浜,,0,0,0,0,0
60,89,同济大学沪西校区教师班车点,1289,763,1303,752,1443,774,140,22,1,沪西校区班车点,,0,0,0,0,0
61,64,公交昌吉东路站,217,462,231,451,331,473,100,22,1,昌吉东路站,,0,0,0,0,0
62,29,昌吉东路,210,449,116,426,196,448,80,22,1,昌吉东路,,0,0,0,0,0
63,54,中山北路,1669,848,1575,813,1655,835,80,22,1,中山北路,,0,0,0,0,0
64,55,武康大楼,1573,1281,1533,1293,1613,1315,80,22,1,武康大楼,,0,0,0,0,0
65,11,四平路,1921,726,1927,740,1987,762,60,22,1,四平路,,0,0,0,0,0
66,22,武威路,1113,713,1127,690,1187,712,60,22,1,武威路,,0,0,0,0,0
67,46,乐秀路,878,799,892,764,952,786,60,22,1,乐秀路,,0,0,0,0,0
68,91,四平路校区西南门停车场,1919,685,1745,638,1905,660,160,22,1,四平路校区西南门,,0,0,0,0,0
69,88,国康路四平路,1956,646,1922,607,2042,629,120,22,1,国康路四平路,,0,0,0,0,0
70,12,同济大学,1949,677,1945,701,2025,723,80,22,1,同济大学,,0,0,0,0,0
71,44,嘉怡路,1001,845,947,869,1007,891,60,22,1,嘉怡路,,0,0,0,0,0
72,0,交通大学,1517,1291,1423,1280,1503,1302,80,22,1,交通大学,,0,0,0,0,0
73,23,桃浦新村,1025,674,1039,651,1119,673,80,22,1,桃浦新村,,0,0,0,0,0
74,27,嘉定新城,464,304,388,318,468,340,80,22,1,嘉定新城,,0,0,0,0,0
75,28,上海赛车场,298,288,184,277,284,299,100,22,1,上海赛车场,,0,0,0,0,0
76,25,陈翔公路,772,485,696,499,776,521,80,22,1,陈翔公路,,0,0,0,0,0
77,24,南翔,868,558,836,572,876,594,40,22,1,南翔,,0,0,0,0,0
78,26,马陆,597,384,565,398,605,420,40,22,1,马陆,,0,0,0,0,0
